{
    "dt": 1e-06,
    "lambda": 0.1,
    "inputs_mean": [
        2875.8982678419134,
        14741.018045658366,
        -6.059082938038933,
        -1.5206729778161456,
        -8.000064235331084,
        -6.229224494384269,
        -8.38929100421272,
        -7.914517356015501,
        -0.27107251079819117
    ],
    "inputs_std": [
        1339.4737940519922,
        8047.127434058109,
        2.7844012732334837,
        0.22179999821719978,
        1.6926836118582658,
        3.1627279712933936,
        1.322690168936464,
        1.1769629258378769,
        0.024459368566839976
    ],
    "labels_mean": [
        4217.783642808744,
        -176.48680020325307,
        2072.477849368601,
        4098.800251187525,
        1745.287560777433,
        2086.74616420848,
        -17.312562987586844,
        -83.46587252007275
    ],
    "labels_std": [
        90923.35601929134,
        536.5345923370264,
        50546.22562848179,
        60949.95365139553,
        25851.303411943703,
        65564.13423517538,
        78.87472576876105,
        218.00441934389048
    ]
}