{
    "dt": 1e-06,
    "lambda": 0.1,
    "inputs_mean": [
        2827.7416225004376,
        15511.406181795826,
        -4.207810522924706,
        -1.5266923757012982,
        -7.499732374670845,
        -3.929130397656959,
        -6.908829696708897,
        -6.396967042995921,
        -0.26879069937165195
    ],
    "inputs_std": [
        1328.7776348152418,
        7797.947738809687,
        1.0546727734496932,
        0.22650423643118794,
        1.380594029122692,
        1.2189268708710517,
        0.5379951937442246,
        0.7951315505983071,
        0.024460599713703037
    ],
    "labels_mean": [
        1396.7466980882398,
        -185.22825983224791,
        -2242.117419833048,
        1727.4911590945455,
        -1663.6970528726752,
        -1121.2950945271996,
        -17.27640979095028,
        -80.42734285800844
    ],
    "labels_std": [
        17022.27479803217,
        574.2060297158449,
        26505.667438708195,
        22352.742754782663,
        38313.13717398629,
        11799.578798968507,
        82.48269712838317,
        233.1842039605844
    ]
}