{
    "dt": 1e-08,
    "lambda": 0.1,
    "inputs_mean": [
        3011.9605603779,
        15811.06515578533,
        -6.7641178906988095,
        -1.418724747737183,
        -8.277297434400362,
        -7.200612573252307,
        -8.79021350689228,
        -8.0267740628877,
        -0.25608119011674985
    ],
    "inputs_std": [
        1556.6979806755476,
        8027.24268905007,
        2.433748644827571,
        0.08802529488693768,
        1.5800629274155944,
        2.6505349997071086,
        1.146597272158661,
        1.2358524737740757,
        0.014301475483172234
    ],
    "labels_mean": [
        32769.92913665695,
        -626.400846071808,
        17695.19598757818,
        31767.949737744835,
        13819.770360061495,
        18297.98698542086,
        -87.0329154155138,
        -274.25241506139383
    ],
    "labels_std": [
        1664139.3238755325,
        1338.5401267127356,
        632791.7068523953,
        686931.0380036777,
        218701.8342606738,
        1245354.4534142949,
        199.0183007043316,
        546.6291415211502
    ]
}